<TextureAtlas imagePath="robot_sheet.png">
	<SubTexture name="bot_left.png" x="0" y="45" width="34" height="43"/>
	<SubTexture name="bot_left1.png" x="88" y="0" width="19" height="43"/>
	<SubTexture name="bot_left2.png" x="62" y="46" width="24" height="44"/>
	<SubTexture name="bot_left3.png" x="36" y="46" width="24" height="44"/>
	<SubTexture name="bot_right.png" x="0" y="0" width="34" height="43"/>
	<SubTexture name="bot_right1.png" x="88" y="45" width="19" height="43"/>
	<SubTexture name="bot_right2.png" x="36" y="0" width="24" height="44"/>
	<SubTexture name="bot_right3.png" x="62" y="0" width="24" height="44"/>
</TextureAtlas>